-- categories
INSERT INTO PA165.CATEGORY (ID, DESCRIPTION, "NAME") VALUES (1, 'Category for star wars themed items', 'Star Wars');
INSERT INTO PA165.CATEGORY (ID, DESCRIPTION, "NAME") VALUES (2, 'Category for Duplo themed items', 'duplo');
INSERT INTO PA165.CATEGORY (ID, DESCRIPTION, "NAME") VALUES (3, 'Category for Marvel super hero themed items', 'Super Heroes Marvel');
INSERT INTO PA165.CATEGORY (ID, DESCRIPTION, "NAME") VALUES (4, 'Category for DC Comics super hero themed items', 'Super Heroes DC');
INSERT INTO PA165.CATEGORY (ID, DESCRIPTION, "NAME") VALUES (5, 'Category for City themed items', 'City');
INSERT INTO PA165.CATEGORY (ID, DESCRIPTION, "NAME") VALUES (6, 'Category for Minecraft themed kits', 'Minecraft');
INSERT INTO PA165.CATEGORY (ID, DESCRIPTION, "NAME") VALUES (7, 'Category for junior themed items', 'Juniors');
INSERT INTO PA165.CATEGORY (ID, DESCRIPTION, "NAME") VALUES (8, 'Category for Disney themed items', 'Disney');
INSERT INTO PA165.CATEGORY (ID, DESCRIPTION, "NAME") VALUES (9, 'Category for Lego Movie themed items', 'Lego Movie');

-- kits
INSERT INTO PA165.LEGOKIT (ID, AGERESTRICTION, "NAME", PRICE) VALUES (1, 10, 'TIE Advanced Prototype', 2100);
INSERT INTO PA165.LEGOKIT (ID, AGERESTRICTION, "NAME", PRICE) VALUES (2, 10, 'AT-AT', 3250);
INSERT INTO PA165.LEGOKIT (ID, AGERESTRICTION, "NAME", PRICE) VALUES (3, 10, 'Imperial Star Destroyer', 7850);
INSERT INTO PA165.LEGOKIT (ID, AGERESTRICTION, "NAME", PRICE) VALUES (4, 12, 'Republic AV-7 Anti-Vehicle Cannon', 5490);
INSERT INTO PA165.LEGOKIT (ID, AGERESTRICTION, "NAME", PRICE) VALUES (5, 14, 'Batman kills Joker', 2800);
INSERT INTO PA165.LEGOKIT (ID, AGERESTRICTION, "NAME", PRICE) VALUES (6, 9, 'Superman saves people', 3250);
INSERT INTO PA165.LEGOKIT (ID, AGERESTRICTION, "NAME", PRICE) VALUES (7, 9, 'X-Men vs. The Sentinel', 4250);
INSERT INTO PA165.LEGOKIT (ID, AGERESTRICTION, "NAME", PRICE) VALUES (8, 6, 'Fire Helicopter', 2800);
INSERT INTO PA165.LEGOKIT (ID, AGERESTRICTION, "NAME", PRICE) VALUES (9, 6, 'Police station', 8890);
INSERT INTO PA165.LEGOKIT (ID, AGERESTRICTION, "NAME", PRICE) VALUES (10,6, 'Arctic ice-breaker', 8250);

-- sets
INSERT INTO PA165.LEGOSET (ID, "NAME", PRICE) VALUES (1, 'Star Wars: Clone Wars', 14450);
INSERT INTO PA165.LEGOSET (ID, "NAME", PRICE) VALUES (2, 'Star Wars: Rebels',17800);
INSERT INTO PA165.LEGOSET (ID, "NAME", PRICE) VALUES (3, 'Batman',12820);
INSERT INTO PA165.LEGOSET (ID, "NAME", PRICE) VALUES (4, 'Superman',13120);
INSERT INTO PA165.LEGOSET (ID, "NAME", PRICE) VALUES (5, 'Fireman',14520);
INSERT INTO PA165.LEGOSET (ID, "NAME", PRICE) VALUES (6, 'Police',12121);
INSERT INTO PA165.LEGOSET (ID, "NAME", PRICE) VALUES (7, 'Arctic circle',12800);
--pieces
INSERT INTO PA165.LEGOPIECE (ID,COLOR) VALUES (1,'BLACK');
INSERT INTO PA165.LEGOPIECE (ID,COLOR) VALUES (2,'WHITE');
INSERT INTO PA165.LEGOPIECE (ID,COLOR) VALUES (3,'YELLOW');
INSERT INTO PA165.LEGOPIECE (ID,COLOR) VALUES (4,'PURPLE');
INSERT INTO PA165.LEGOPIECE (ID,COLOR) VALUES (5,'GREEN');
INSERT INTO PA165.LEGOPIECE (ID,COLOR) VALUES (6,'VIOLET');
INSERT INTO PA165.LEGOPIECE (ID,COLOR) VALUES (7,'GREY');
INSERT INTO PA165.LEGOPIECE (ID,COLOR) VALUES (8,'BLACK');
INSERT INTO PA165.LEGOPIECE (ID,COLOR) VALUES (9,'BLACK');
INSERT INTO PA165.LEGOPIECE (ID,COLOR) VALUES (10,'BLACK');
INSERT INTO PA165.LEGOPIECE (ID,COLOR) VALUES (11,'BLACK');
INSERT INTO PA165.LEGOPIECE (ID,COLOR) VALUES (12,'BLACK');


--category-kit
INSERT INTO PA165.CATEGORY_LEGOKIT (CATEGORIES_ID,LEGOKITS_ID) VALUES(1,1);
INSERT INTO PA165.CATEGORY_LEGOKIT (CATEGORIES_ID,LEGOKITS_ID) VALUES(1,2);
INSERT INTO PA165.CATEGORY_LEGOKIT (CATEGORIES_ID,LEGOKITS_ID) VALUES(1,3);
INSERT INTO PA165.CATEGORY_LEGOKIT (CATEGORIES_ID,LEGOKITS_ID) VALUES(1,4);
INSERT INTO PA165.CATEGORY_LEGOKIT (CATEGORIES_ID,LEGOKITS_ID) VALUES(4,5);
INSERT INTO PA165.CATEGORY_LEGOKIT (CATEGORIES_ID,LEGOKITS_ID) VALUES(4,6);
INSERT INTO PA165.CATEGORY_LEGOKIT (CATEGORIES_ID,LEGOKITS_ID) VALUES(5,8);
INSERT INTO PA165.CATEGORY_LEGOKIT (CATEGORIES_ID,LEGOKITS_ID) VALUES(5,9);
INSERT INTO PA165.CATEGORY_LEGOKIT (CATEGORIES_ID,LEGOKITS_ID) VALUES(5,10);

--category-set

INSERT INTO PA165.CATEGORY_LEGOSET (CATEGORIES_ID,LEGOSETS_ID) VALUES(1,1);
INSERT INTO PA165.CATEGORY_LEGOSET (CATEGORIES_ID,LEGOSETS_ID) VALUES(1,2);
INSERT INTO PA165.CATEGORY_LEGOSET (CATEGORIES_ID,LEGOSETS_ID) VALUES(4,3);
INSERT INTO PA165.CATEGORY_LEGOSET (CATEGORIES_ID,LEGOSETS_ID) VALUES(5,5);
INSERT INTO PA165.CATEGORY_LEGOSET (CATEGORIES_ID,LEGOSETS_ID) VALUES(5,6);
INSERT INTO PA165.CATEGORY_LEGOSET (CATEGORIES_ID,LEGOSETS_ID) VALUES(5,7);

--kit-piece

INSERT INTO PA165.LEGOKIT_LEGOPIECE (LEGOKITS_ID,LEGOPIECES_ID) VALUES(1,1);
INSERT INTO PA165.LEGOKIT_LEGOPIECE (LEGOKITS_ID,LEGOPIECES_ID) VALUES(1,3);
INSERT INTO PA165.LEGOKIT_LEGOPIECE (LEGOKITS_ID,LEGOPIECES_ID) VALUES(1,4);
INSERT INTO PA165.LEGOKIT_LEGOPIECE (LEGOKITS_ID,LEGOPIECES_ID) VALUES(1,5);
INSERT INTO PA165.LEGOKIT_LEGOPIECE (LEGOKITS_ID,LEGOPIECES_ID) VALUES(1,6);
INSERT INTO PA165.LEGOKIT_LEGOPIECE (LEGOKITS_ID,LEGOPIECES_ID) VALUES(1,7);
INSERT INTO PA165.LEGOKIT_LEGOPIECE (LEGOKITS_ID,LEGOPIECES_ID) VALUES(1,8);
INSERT INTO PA165.LEGOKIT_LEGOPIECE (LEGOKITS_ID,LEGOPIECES_ID) VALUES(1,9);
INSERT INTO PA165.LEGOKIT_LEGOPIECE (LEGOKITS_ID,LEGOPIECES_ID) VALUES(1,10);
INSERT INTO PA165.LEGOKIT_LEGOPIECE (LEGOKITS_ID,LEGOPIECES_ID) VALUES(1,11);
INSERT INTO PA165.LEGOKIT_LEGOPIECE (LEGOKITS_ID,LEGOPIECES_ID) VALUES(1,12);

--set-kit

INSERT INTO PA165.LEGOSET_LEGOKIT (LEGOSETS_ID,LEGOKITS_ID) VALUES(1,1);
INSERT INTO PA165.LEGOSET_LEGOKIT (LEGOSETS_ID,LEGOKITS_ID) VALUES(1,2);
INSERT INTO PA165.LEGOSET_LEGOKIT (LEGOSETS_ID,LEGOKITS_ID) VALUES(1,3);
INSERT INTO PA165.LEGOSET_LEGOKIT (LEGOSETS_ID,LEGOKITS_ID) VALUES(2,4);
